"1","エアコン部材","","2022-01-26 11:11:03","2022-01-26 11:11:03"
"2","配線器具","","2022-01-26 11:11:11","2022-01-26 11:11:11"
"3","ケーブル","","2022-01-26 11:11:19","2022-01-26 11:11:19"
"4","照明器具","","2022-01-26 11:11:27","2022-01-26 11:11:27"
"5","アンテナ","","2022-01-26 11:11:34","2022-01-26 11:11:34"
"6","分電盤","","2022-01-26 11:11:43","2022-01-26 11:11:43"
"7","ドアホン","","2022-01-26 11:11:49","2022-01-26 11:11:49"
"8","アース棒","","2022-01-26 11:12:01","2022-01-26 11:12:01"
"9","開閉器","","2022-01-26 11:12:08","2022-01-26 11:12:08"
"10","盤用機器","","2022-01-26 11:56:53","2022-01-26 11:56:53"
"11","モール","","2022-06-24 16:44:14","2022-06-24 16:44:14"
