"1","-","2016-08-31 11:08:37","2016-08-27 05:32:33"
"2","パナソニック","2016-08-31 11:08:37","2017-04-04 09:44:20"
"3","未来工業","2016-08-31 11:08:37","2016-08-27 05:32:33"
"4","日東工業","2016-08-31 11:08:37","2016-08-27 05:32:33"
"5","因幡電工","2016-08-31 11:08:37","2016-08-27 05:32:33"
"6","日立製作所","2016-08-31 11:08:37","2016-08-27 05:32:33"
"7","バクマ工業","2016-08-31 11:08:37","2016-08-27 05:32:33"
"8","AZDEN","2016-08-31 11:08:37","2016-08-27 05:32:33"
"9","BOSE","2016-08-31 11:08:37","2016-08-27 05:32:33"
"10","DAIKO","2016-08-31 11:08:37","2016-08-27 05:32:33"
"11","DN LIGHTING","2016-08-31 11:08:37","2016-08-27 05:32:33"
"12","JVC","2016-08-31 11:08:37","2016-08-27 05:32:33"
"13","TFTEC","2016-08-31 11:08:38","2016-08-27 05:32:33"
"14","TOA","2016-08-31 11:08:38","2016-08-27 05:32:33"
"15","愛知電線","2016-08-31 11:08:38","2016-08-27 05:32:33"
"16","アイホン","2016-08-31 11:08:38","2016-08-27 05:32:33"
"17","アカギ","2016-08-31 11:08:38","2016-08-27 05:32:33"
"18","アサヒ","2016-08-31 11:08:38","2016-08-27 05:32:33"
"20","イワブチ","2016-08-31 11:08:38","2016-08-27 05:32:33"
"21","ネグロス電工","2016-08-31 11:08:38","2016-08-27 05:32:33"
"22","昭和電線","2016-08-31 11:08:38","2016-08-27 05:32:33"
"23","マサル工業","2016-08-31 11:08:38","2016-08-27 05:32:33"
"24","矢崎電線","2016-08-31 11:08:38","2016-08-27 05:32:33"
"25","マスプロ電工","2016-08-31 11:08:38","2016-08-27 05:32:33"
"26","オーデリック","2016-08-31 11:08:38","2016-08-27 05:32:33"
"27","岩崎電気","2016-08-31 11:08:38","2016-08-27 05:32:33"
"28","オーム電気","2016-08-31 11:08:38","2016-08-27 05:32:33"
"29","ニチフ","2016-08-31 11:08:38","2016-08-27 05:32:33"
"30","キョウエイ","2016-08-31 11:08:38","2016-08-27 05:32:33"
"31","細田電器産業","2016-08-31 11:08:38","2016-08-27 05:32:33"
"32","電成興業","2016-08-31 11:08:38","2016-08-27 05:32:33"
"33","日動電工","2016-08-31 11:08:38","2016-08-27 05:32:33"
"34","神保電器","2016-08-31 11:08:38","2016-08-27 05:32:33"
"35","三ツ星","2016-08-31 11:08:38","2016-08-27 05:32:33"
"36","KIドリル","2016-08-31 11:08:39","2016-08-27 05:32:33"
"37","若井産業","2016-08-31 11:08:39","2016-08-27 05:32:33"
"38","三菱電機","2016-08-31 11:08:39","2016-08-27 05:32:33"
"39","東芝ライテック","2016-08-31 11:08:39","2016-08-27 05:32:33"
"40","東方電材","2016-08-31 11:08:39","2016-08-27 05:32:33"
"41","カワグチ","2016-08-31 11:08:39","2016-08-27 05:32:33"
"42","日本圧着端子製造","2016-08-31 11:08:39","2016-08-27 05:32:33"
"43","古河電気工業","2016-08-31 11:08:39","2016-08-27 05:32:33"
"44","伸興電線","2016-08-31 11:08:39","2016-08-27 05:32:33"
"45","マーベル","2016-08-31 11:08:39","2016-08-27 05:32:33"
"46","ジェフコム","2016-08-31 11:08:39","2016-08-27 05:32:33"
"47","日本ヒルティ","2016-08-31 11:08:39","2016-08-27 05:32:33"
"48","ハウスBM","2016-08-31 11:08:39","2016-08-27 05:32:33"
"49","ボッシュ","2016-08-31 11:08:39","2016-08-27 05:32:33"
"50","東神電気","2016-09-24 08:38:40","2016-09-24 08:38:40"
"51","ムサシ工芸","2016-09-24 10:08:51","2016-09-24 10:08:51"
"52","住友スリーエム","2016-09-24 13:34:33","2016-09-24 13:34:33"
"53","富士電線工業","2016-11-04 15:11:46","2016-11-04 15:11:46"
"54","春日電機","2016-12-10 08:48:11","2016-12-10 08:48:11"
"55","ヒット商事","2017-01-28 10:13:36","2017-01-28 10:13:36"
"56","KHD","2017-02-02 09:22:45","2017-02-02 09:22:45"
"57","遠藤照明","2017-02-04 13:41:06","2017-02-04 13:41:06"
"58","モリイ","2017-02-22 08:20:35","2017-02-22 08:20:35"
"59","ベンテック","2017-02-24 08:04:48","2017-02-24 08:04:48"
"60","弥栄電線","2017-02-25 08:47:31","2017-02-25 08:47:31"
"61","パンドウィット","2017-03-01 09:11:18","2022-06-07 13:58:20"
"62","富士電機","2017-03-11 08:12:41","2017-03-11 08:12:41"
"63","八州電工","2017-06-23 10:37:44","2017-06-23 10:37:44"
"64","河村電器産業","2017-07-06 16:32:31","2017-07-06 16:32:31"
"65","エスイーＡ＆Ｋ","2017-08-07 11:06:52","2017-08-07 11:06:52"
"66","ＤＸアンテナ","2018-02-13 08:20:57","2018-02-13 08:20:57"
"67","大崎電気","2018-03-06 15:25:30","2018-03-06 15:25:30"
"68","シャープ","2018-03-13 10:51:14","2018-03-13 10:51:14"
"69","テンパール工業","2018-03-29 08:54:53","2018-03-29 08:54:53"
"70","アメリカン電機","2018-04-04 08:48:55","2018-04-04 08:48:55"
"71","パトライト","2018-04-11 07:54:56","2018-04-11 07:54:56"
"72","ヘラマンタイトン","2018-06-14 10:53:26","2018-06-14 10:53:26"
"73","指月電機製作所","2018-07-05 13:40:59","2018-07-05 13:40:59"
"74","住電日立ケーブル","2018-09-07 09:06:18","2018-09-07 09:06:18"
"75","東芝","2018-09-27 09:20:20","2018-09-27 09:20:20"
"79","日晴金属","2018-10-10 14:06:51","2018-10-10 14:06:51"
"80","青山製陶","2018-10-10 15:06:00","2018-10-10 15:06:00"
"81","マルヨシ鋲螺","2018-11-26 14:59:27","2018-11-26 14:59:27"
"82","ジョイント工業","2018-12-29 09:02:28","2018-12-29 09:02:34"
"83","丸一鋼管","2018-12-29 09:15:16","2018-12-29 09:15:16"
"84","泉精器製作所","2019-01-05 09:39:11","2019-01-05 09:39:11"
"85","菅波電線","2019-02-25 16:48:38","2019-02-25 16:48:38"
"86","日本ネットワークサポート","2019-07-24 10:59:07","2019-07-24 10:59:07"
"87","倉茂電工","2019-12-12 08:13:29","2019-12-12 08:13:29"
"88","フカガワ","2019-12-24 16:29:53","2019-12-24 16:29:53"
"89","I-O Data","2020-01-06 09:51:33","2020-01-06 09:51:33"
"90","メルコエアテック","2020-03-21 08:29:44","2020-03-21 08:29:44"
"91","TOHO","2020-04-15 15:55:09","2020-04-15 15:55:09"
"92","ミヤナガ","2020-05-15 07:59:26","2020-05-15 07:59:26"
"93","東北亜鉛","2020-07-25 09:18:05","2020-07-25 09:18:05"
"94","三菱","2020-07-27 14:25:25","2020-07-27 14:25:25"
"95","オーディオテクニカ","2020-08-25 09:36:39","2020-08-25 09:36:39"
"96","ENDO","2020-09-24 11:51:23","2020-09-24 11:51:23"
"98","TERADA","2020-10-20 09:52:19","2020-10-20 09:52:19"
"99","エイチツー・エンジニアリング","2020-12-02 07:52:17","2020-12-02 07:52:17"
"100","エナジーサポート","2020-12-12 08:18:30","2020-12-12 08:18:30"
"101","立井電線","2020-12-22 09:08:12","2020-12-22 09:08:12"
"102","新鋭(株)","2021-01-29 08:09:31","2021-01-29 08:09:31"
"103","久住電気","2021-02-25 16:31:29","2021-02-25 16:31:29"
"104","デンカ","2021-04-05 09:50:35","2021-10-04 16:43:43"
"105","","2021-04-20 08:55:26","2021-04-20 08:55:26"
"106","","2021-04-20 08:56:52","2021-04-20 08:56:52"
"107","北日本電線","2021-07-20 09:24:28","2021-07-20 09:24:28"
"108","アイリスオーヤマ","2021-07-30 14:25:57","2021-07-30 14:25:57"
"109","イズミ","2021-08-05 15:56:35","2021-08-05 15:56:35"
"110","日立金属株式会社","2021-09-02 10:06:28","2021-09-02 10:06:28"
"111","DNL","2021-12-04 16:22:05","2021-12-04 16:22:05"
"118","Luci","2022-02-08 19:52:56","2022-02-08 19:52:56"
"123","プリンス電機","2022-04-27 14:15:25","2022-04-27 14:15:26"
"124","SFCC","2022-05-14 08:47:45","2022-05-14 08:47:57"
"125","エイテックス(株)","2022-05-16 17:32:28","2022-05-16 17:32:28"
"126","LS ELECTRIC","2022-09-06 11:42:50","2022-09-06 11:42:50"
"127","塚本無線","2022-09-22 11:26:08","2022-09-22 11:26:08"
"128","新潟スプリットン","2022-10-12 13:10:11","2022-10-12 13:10:11"
"129","竹原電設","2022-10-12 13:31:45","2022-10-12 13:31:45"
"130","森山産業","2022-10-12 13:31:57","2022-10-12 13:31:57"
"131","丸敏水谷製陶所","2022-10-27 14:55:40","2022-10-27 14:55:40"
"132","古藤工業","2022-10-31 09:36:04","2022-10-31 09:36:22"
"133","東京富士商会","2022-12-05 10:04:47","2022-12-05 10:04:47"
"134","電気工事組合","2022-12-05 10:05:09","2022-12-05 10:05:09"
"135","中北電機","2022-12-22 13:22:38","2022-12-22 13:22:38"
"136","Buffalo","2023-01-18 14:42:32","2023-01-18 14:42:32"
"137","共和化学工業","2023-03-03 11:38:52","2023-03-03 11:38:52"
"138","会津碍子","2023-03-20 10:38:43","2023-03-20 10:38:43"
"139","オーム","2023-03-30 08:01:07","2023-03-30 08:01:07"
"140","TokMoc","2023-04-04 13:19:13","2023-04-04 13:19:13"
"141","コイズミ","2023-04-06 13:27:18","2023-04-06 13:27:18"
"142","村上工業","2023-05-18 13:37:42","2023-05-18 13:37:42"
"143","新通電","2023-05-18 13:41:14","2023-05-18 13:41:14"
"144","フジクラ","2023-07-26 13:25:01","2023-07-26 13:25:01"
"145","ジェイ・ワイテックス","2023-08-22 10:01:09","2023-08-22 10:01:09"
