"1","照明器具","41","2018-06-26 16:34:52","2021-06-21 16:09:36"
"2","配線器具","40","2018-06-27 07:44:45","2021-06-21 16:09:36"
"3","ＶＶＦケーブル","33","2018-06-27 07:44:57","2021-06-21 16:09:36"
"4","エアコン部材","49","2018-06-27 07:45:13","2021-06-21 16:09:36"
"5","ＦＥＰ管","23","2018-06-27 07:46:15","2021-06-21 16:09:35"
"6","ＣＶＴケーブル","37","2018-06-27 07:46:27","2021-06-21 16:09:36"
"7","消耗品","54","2018-06-27 07:46:38","2021-06-21 16:09:36"
"8","モール","26","2018-06-28 07:48:23","2021-06-21 16:09:36"
"9","分電盤","15","2018-06-28 07:48:45","2021-06-21 16:09:35"
"10","アンテナ","44","2018-06-28 07:49:17","2021-06-21 16:09:36"
"11","同軸ケーブル","38","2018-06-28 07:49:28","2021-06-21 16:09:36"
"12","E管","18","2018-06-28 07:50:05","2021-06-21 16:09:35"
"13","ＰＦ管","22","2018-07-04 08:00:37","2021-06-21 16:09:35"
"14","ＶＥ管","20","2018-07-04 08:01:29","2021-06-21 16:09:35"
"15","ＣＶケーブル","36","2018-07-04 08:01:58","2021-06-21 16:09:36"
"16","メタルモール","25","2018-07-05 08:52:00","2021-06-21 16:09:35"
"17","端子","51","2018-07-05 08:52:25","2021-06-21 16:09:36"
"18","工具","52","2018-07-05 13:15:57","2021-06-21 16:09:36"
"19","ボックス","30","2018-07-05 13:24:51","2021-06-21 16:09:36"
"20","開閉器","17","2018-07-05 13:35:15","2021-06-21 16:09:35"
"21","盤用機器","16","2018-07-05 13:35:38","2021-06-21 16:09:35"
"22","ＩＶ電線","32","2018-07-13 11:28:43","2021-06-21 16:09:36"
"23","ランプ類","42","2018-07-14 08:23:47","2021-06-21 16:09:36"
"24","アース棒","50","2018-07-14 10:40:33","2021-06-21 16:09:36"
"25","計器板","14","2018-08-02 07:49:21","2021-06-21 16:09:35"
"26","ＣＤ管","21","2018-08-08 09:00:39","2021-06-21 16:09:35"
"27","配管支持材","29","2018-08-09 14:15:56","2021-06-21 16:09:36"
"28","引込部材","12","2018-08-09 14:16:47","2021-06-21 16:09:35"
"29","ドアホン","46","2018-08-22 16:27:42","2021-06-21 16:09:36"
"30","換気部材","48","2018-08-28 08:17:22","2021-06-21 16:09:36"
"31","ボルト・ナット類","53","2018-09-13 13:17:44","2021-06-21 16:09:36"
"32","タイムスイッチ","43","2018-09-20 09:24:26","2021-06-21 16:09:36"
"33","その他電線","39","2018-09-20 10:55:18","2021-06-21 16:09:36"
"34","放送機器","45","2018-10-05 09:12:12","2021-06-21 16:09:36"
"35","計器","13","2018-10-05 09:15:00","2021-06-21 16:09:35"
"36","ＳＶケーブル","35","2018-11-08 10:31:12","2021-06-21 16:09:36"
"37","防水プリカ","24","2018-12-13 11:52:32","2021-06-21 16:09:35"
"38","G管","19","2018-12-13 11:53:26","2021-06-21 16:09:35"
"39","DV電線","31","2018-12-19 07:51:46","2021-06-21 16:09:36"
"40","レースウェイ","27","2018-12-20 07:40:39","2021-06-21 16:09:36"
"41","その他ケーブル保護材","28","2019-01-21 16:09:22","2021-06-21 16:09:36"
"42","配線支持材","11","2019-07-25 10:53:01","2021-06-21 16:09:35"
"43","ＶＶＲケーブル","34","2019-09-20 08:27:22","2021-06-21 16:09:36"
"44","防災機器","47","2019-11-14 11:12:10","2021-06-21 16:09:36"
"45","二重天井用部材","4","2019-12-09 13:45:27","2021-06-21 16:09:35"
"46","家電製品","2","2020-01-06 09:47:23","2021-06-21 16:09:35"
"47","防火部材","10","2020-01-07 11:33:59","2021-06-21 16:09:35"
"48","高圧機器","6","2020-12-12 08:06:39","2021-06-21 16:09:35"
"49","換気扇","1","2021-01-13 16:33:12","2021-06-21 16:09:35"
"50","エアコン","3","2021-01-13 16:55:42","2021-06-21 16:09:35"
"51","防犯機器","7","2021-01-29 08:09:57","2021-06-21 16:09:35"
"59","ケーブルラック","","2021-08-18 17:13:48","2021-08-18 17:13:48"
"64","形鋼用吊り金具","","2021-09-02 07:32:58","2021-09-02 07:32:58"
"122","ダクト","","2023-01-29 11:40:54","2023-01-29 11:40:54"
