"1","<手入力>","2016-09-27 11:58:13","2016-10-26 08:11:09"
"2","式","2016-09-27 14:29:56","2016-09-27 14:29:56"
"3","回線","2016-09-28 14:49:28","2016-09-28 14:49:28"
"4","面","2016-09-28 14:49:39","2016-09-28 14:49:39"
"5","極","2016-09-28 14:49:59","2016-09-28 14:49:59"
"6","箇所","2016-09-28 14:50:07","2016-09-28 14:50:07"
"7","個","2016-09-28 14:50:15","2016-09-28 14:50:15"
"8","ｍ","2016-10-20 15:04:41","2016-10-20 15:04:41"
"9","回路","2017-01-10 17:33:32","2017-01-10 17:33:32"
"10","Ｋg","2017-01-10 17:37:27","2017-01-10 17:37:27"
"11","台","2017-01-12 15:46:48","2017-01-12 15:46:48"
"12","組","2017-01-12 15:59:32","2017-01-12 15:59:32"
"13","契約","2017-01-12 16:04:51","2017-01-12 16:04:51"
"14","枚","2017-01-14 09:44:39","2017-01-14 09:44:39"
"15","本","2017-01-14 11:43:42","2017-01-14 11:43:42"
