"1","未選択","10","2017-11-13 17:22:06","2023-05-01 10:41:40"
"4","配管配線","24","2017-11-13 17:23:03","2023-05-01 10:41:41"
"5","換気ダクト","27","2017-11-13 17:23:14","2023-05-01 10:41:41"
"6","器具取付","43","2017-11-13 17:23:24","2023-05-01 10:41:41"
"7","幹線","12","2017-11-13 17:23:37","2023-05-01 10:41:40"
"8","接地","13","2017-11-13 17:23:47","2023-05-01 10:41:40"
"9","ボックス","21","2017-11-13 17:23:58","2023-05-01 10:41:41"
"10","テレビ","45","2017-11-13 17:24:07","2023-05-01 10:41:41"
"11","分電盤","14","2017-11-14 08:42:37","2023-05-01 10:41:40"
"12","配線(箇所)","22","2018-01-31 11:09:02","2023-05-01 10:41:41"
"13","配管","15","2018-01-31 11:09:09","2023-05-01 10:41:41"
"14","スイッチ(フルカラー)","28","2018-01-31 11:41:36","2023-05-01 10:41:41"
"15","コンセント(フルカラー)","29","2018-01-31 11:41:52","2023-05-01 10:41:41"
"16","弱電(フルカラー)","30","2018-01-31 11:42:10","2023-05-01 10:41:41"
"17","動力設備","44","2018-01-31 11:46:56","2023-05-01 10:41:41"
"18","タイムスイッチ","42","2018-01-31 11:48:02","2023-05-01 10:41:41"
"19","プレート類(フルカラー)","31","2018-01-31 13:49:48","2023-05-01 10:41:41"
"20","スイッチ(ワイド21)","32","2018-02-08 14:36:48","2023-05-01 10:41:41"
"21","コンセント(ワイド21)","33","2018-02-08 14:37:09","2023-05-01 10:41:41"
"22","弱電(ワイド21)","34","2018-02-08 14:39:23","2023-05-01 10:41:41"
"23","放送機器","46","2018-02-13 11:25:59","2023-05-01 10:41:42"
"24","フロアコン","41","2018-02-13 14:29:37","2023-05-01 10:41:41"
"25","住宅用火災警報器","47","2018-02-16 13:49:45","2023-05-01 10:41:42"
"26","メタルモール","20","2018-03-15 15:35:49","2023-05-01 10:41:41"
"27","CVケーブル","26","2018-07-14 08:41:28","2023-05-01 10:41:41"
"28","仮設","11","2018-07-20 08:43:30","2023-05-01 10:41:40"
"29","モール","19","2018-07-24 08:45:56","2023-05-01 10:41:41"
"30","VVFケーブル","25","2018-07-24 10:16:31","2023-05-01 10:41:41"
"31","ケーブルラック","18","2018-07-26 09:23:46","2023-05-01 10:41:41"
"32","レースウェイ","17","2018-08-20 10:25:16","2023-05-01 10:41:41"
"33","コンセント(NK)","38","2018-08-20 10:50:56","2023-05-01 10:41:41"
"34","弱電(NK)","39","2018-08-20 11:16:34","2023-05-01 10:41:41"
"35","配線(m)","23","2018-10-11 09:05:02","2023-05-01 10:41:41"
"36","コンセント(アドバンス)","35","2018-10-15 11:22:50","2023-05-01 10:41:41"
"37","弱電(アドバンス)","36","2018-10-15 14:56:37","2023-05-01 10:41:41"
"38","地中埋設配管","16","2018-11-13 16:40:05","2023-05-01 10:41:41"
"39","高圧","8","2020-04-16 17:24:39","2023-05-01 10:41:40"
"40","函太郎　新潟西区五十嵐店","9","2020-04-16 18:52:02","2023-05-01 10:41:40"
"41","米山5丁目アパート　新築工事","7","2020-04-21 10:55:13","2023-05-01 10:41:40"
"42","NMI南笹口薬局　新築工事","3","2020-05-27 14:19:57","2023-05-01 10:41:40"
"43","みらいクリニック新潟　新築工事","6","2020-05-29 16:31:28","2023-05-01 10:41:40"
"44","阿賀野市笹岡別荘","5","2020-11-18 15:45:47","2023-05-01 10:41:40"
"45","パナソニック企画住宅","4","2021-04-15 09:30:32","2023-05-01 10:41:40"
"46","高容量コンセント","40","2022-01-29 15:40:11","2023-05-01 10:41:41"
"47","スイッチ(SO-STYLE)","37","2022-02-27 17:48:21","2023-05-01 10:41:41"
"48","20220065　加勢牧場様　冷凍自販機用電源工事","2","2022-05-13 09:23:19","2023-05-01 10:41:40"
"49","20220066　青葉デンタルクリニック様　改修工事","1","2022-05-13 10:15:33","2023-05-01 10:41:40"
