"1","<手入力>","13","2016-09-27 11:58:13","2018-08-29 11:58:37"
"18","個","9","2017-04-06 16:42:10","2018-08-29 11:58:36"
"19","箇所","10","2017-04-08 08:23:07","2018-08-29 11:58:37"
"20","ｍ","16","2017-04-08 08:23:26","2018-08-29 11:38:05"
"21","台","11","2017-04-08 08:23:34","2018-08-29 11:58:37"
"22","式","12","2017-04-08 08:23:41","2018-08-29 11:58:37"
"23","面","14","2017-04-08 09:22:32","2018-08-29 11:38:05"
"24","組","20","2017-04-14 15:47:56","2018-08-29 11:38:04"
"25","契約","15","2017-04-14 15:54:23","2018-08-29 11:38:05"
"26","枚","17","2017-04-21 10:45:16","2018-08-29 11:38:04"
"27","本","1","2017-04-26 08:48:18","2018-08-29 14:22:33"
"28","0","2","2017-06-30 14:17:21","2018-08-29 14:22:31"
"29","極","3","2017-07-02 08:47:32","2018-08-29 11:40:21"
"30","基","5","2017-07-02 10:38:55","2018-08-29 11:38:25"
"31","回線","18","2017-11-06 16:08:00","2018-08-29 11:38:04"
"32","系統","19","2017-11-06 16:08:10","2018-08-29 11:38:04"
"33","室","7","2017-11-13 09:53:32","2018-08-29 11:38:25"
"34","回路","4","2018-02-03 11:04:25","2018-08-29 11:40:22"
"35","日","8","2018-03-05 10:01:55","2018-08-29 11:35:05"
"36","回","6","2018-03-05 10:04:54","2018-08-29 11:38:25"
"37","ｍ2","0","2018-03-07 08:09:11","2020-06-16 09:09:22"
"38","人","21","2019-06-24 09:36:23","2020-06-16 09:08:45"
"39","人工","22","2019-06-24 09:36:30","2020-06-16 09:08:46"
"40","ｍ3","23","2020-06-16 08:03:21","2020-06-16 09:09:04"
"41","セット","41","2022-09-06 18:59:21","2022-09-06 18:59:21"
"42","灯","","2023-06-03 14:08:48","2023-06-03 14:08:48"
"43","径間","","2023-06-13 16:39:47","2023-06-13 16:39:47"
